product_id,event_type,count
P00195,view,35
P00460,view,31
P00435,view,35
P00517,purchase,7
P00497,purchase,4
P00780,view,52
P00588,add_to_cart,10
P00079,add_to_cart,9
P00404,add_to_cart,9
P00674,purchase,8
P00971,purchase,2
P00107,purchase,8
P00365,purchase,11
P00708,view,28
P00109,view,38
P00796,view,39
P00156,view,29
P00138,view,36
P00940,view,26
P00762,view,25
P00914,view,33
P00784,view,31
P00971,view,40
P00302,add_to_cart,7
P00917,add_to_cart,8
P00411,add_to_cart,13
P00840,add_to_cart,7
P00372,add_to_cart,14
P00689,add_to_cart,9
P00072,add_to_cart,11
P00676,purchase,5
P00706,add_to_cart,8
P00911,add_to_cart,9
P00455,add_to_cart,17
P00262,view,40
P00817,view,42
P00732,view,22
P00798,view,36
P00436,view,38
P00841,view,32
P00496,view,40
P00975,view,39
P00685,view,38
P00680,view,45
P00279,view,32
P00694,view,34
P00996,view,34
P00624,view,37
P00563,view,36
P00944,view,27
P00335,view,32
P00314,view,31
P00691,view,34
P00742,view,41
P00972,view,41
P00471,view,28
P00843,view,35
P00560,view,47
P00566,view,30
P00347,view,39
P00336,view,44
P00132,view,48
P00588,view,41
P00003,view,41
P00781,view,35
P00410,view,30
P00926,view,27
P00060,view,25
P00728,view,34
P00975,add_to_cart,5
P00995,add_to_cart,15
P00097,add_to_cart,16
P00799,add_to_cart,13
P00208,add_to_cart,10
P00437,add_to_cart,14
P00970,add_to_cart,8
P00636,add_to_cart,7
P00776,add_to_cart,12
P00922,add_to_cart,12
P00913,add_to_cart,13
P00747,add_to_cart,11
P00524,add_to_cart,7
P00670,add_to_cart,10
P00993,add_to_cart,16
P00748,add_to_cart,8
P00008,add_to_cart,10
P00875,add_to_cart,14
P00727,add_to_cart,22
P00627,purchase,2
P00148,purchase,8
P00380,purchase,7
P00700,purchase,4
P00477,purchase,9
P00615,purchase,5
P00785,purchase,7
P00519,purchase,5
P00272,purchase,15
P00487,purchase,7
P00979,purchase,3
P00703,purchase,4
P00308,purchase,10
P00995,purchase,6
P00532,purchase,2
P00514,purchase,3
P00823,purchase,8
P00156,purchase,7
P00684,purchase,7
P00452,purchase,7
P00573,add_to_cart,11
P00845,add_to_cart,13
P00177,add_to_cart,14
P00558,add_to_cart,13
P00697,add_to_cart,6
P00711,add_to_cart,8
P00789,add_to_cart,6
P00100,add_to_cart,11
P00341,add_to_cart,5
P00948,add_to_cart,12
P00064,add_to_cart,11
P00232,add_to_cart,11
P00090,add_to_cart,16
P00608,add_to_cart,12
P00095,add_to_cart,13
P00582,add_to_cart,12
P00910,add_to_cart,7
P00950,add_to_cart,9
P00960,add_to_cart,13
P00199,view,40
P00747,view,38
P00320,view,46
P00655,view,44
P00997,view,40
P00213,view,37
P00145,view,30
P00208,view,33
P00896,view,42
P00217,view,37
P00397,view,33
P00718,view,26
P00192,view,47
P00021,view,33
P00402,view,25
P00338,view,35
P00128,view,34
P00187,view,42
P00818,view,20
P00693,view,40
P00101,view,29
P00813,view,37
P00411,view,41
P00197,view,44
P00008,view,21
P00777,view,40
P00382,view,43
P00121,view,36
P00323,view,35
P00361,view,36
P00539,view,44
P00341,view,24
P00535,view,36
P00979,view,36
P00274,view,50
P00699,view,34
P00267,view,39
P00776,view,38
P00322,view,34
P00797,view,36
P00870,view,37
P00261,view,36
P00580,view,25
P00489,view,38
P00876,view,32
P00564,view,41
P00839,view,33
P00425,view,27
P00085,view,36
P00038,view,47
P00386,view,38
P00189,view,34
P00759,view,34
P00061,view,53
P00249,view,27
P00908,view,32
P00266,view,35
P00447,view,32
P00645,view,40
P00635,view,36
P00726,view,31
P00686,view,36
P00260,view,38
P00475,view,49
P00070,view,41
P00464,view,38
P00637,view,35
P00221,view,42
P00543,view,31
P00088,purchase,8
P00112,purchase,3
P00905,purchase,4
P00283,add_to_cart,12
P00246,view,40
P00690,view,38
P00193,view,35
P00313,view,34
P00306,view,35
P00473,view,31
P00143,view,38
P00202,view,42
P00853,view,43
P00615,view,38
P00484,view,43
P00903,view,29
P00823,view,30
P00398,view,34
P00383,view,32
P00868,view,39
P00231,view,37
P00976,view,32
P00570,view,46
P00393,view,32
P00675,view,37
P00188,view,34
P00824,view,37
P00165,view,32
P00557,view,47
P00862,view,41
P00648,view,29
P00783,view,35
P00182,view,42
P00745,view,38
P00632,view,39
P00318,view,38
P00243,view,40
P00023,view,37
P00255,view,42
P00271,view,27
P00462,view,43
P00146,view,35
P00902,view,27
P00772,view,32
P00834,view,28
P00280,view,33
P00052,view,42
P00477,view,37
P00342,view,39
P00503,view,39
P00921,view,48
P00951,view,41
P00653,view,32
P00368,view,34
P00465,view,47
P00285,view,33
P00104,view,36
P00678,view,33
P00256,view,41
P00367,view,34
P00343,view,33
P00445,view,34
P00746,view,32
P00022,view,40
P00103,view,32
P00087,view,27
P00290,view,38
P00144,view,40
P00103,purchase,11
P00460,purchase,7
P00003,purchase,5
P00561,purchase,8
P00178,purchase,11
P00499,purchase,8
P00481,view,32
P00068,view,33
P00519,view,39
P00179,view,30
P00792,view,39
P00531,view,42
P00752,view,35
P00634,view,40
P00527,view,33
P00293,view,24
P00142,view,28
P00180,view,32
P00230,view,37
P00606,view,38
P00474,view,31
P00454,view,40
P00036,view,30
P00590,view,28
P00981,view,34
P00633,view,32
P00072,view,40
P00819,view,30
P00885,view,28
P00288,view,36
P00331,view,31
P00956,view,34
P00790,view,35
P00295,view,29
P00092,view,39
P00344,view,38
P00307,view,37
P00630,view,34
P00669,view,28
P00416,view,36
P00365,view,36
P00594,view,37
P00608,view,41
P00757,view,23
P00453,view,33
P00664,view,40
P00591,view,32
P00039,view,47
P00891,view,40
P00764,view,34
P00278,view,27
P00437,view,38
P00991,view,29
P00017,view,44
P00641,view,28
P00162,view,32
P00239,view,32
P00019,view,40
P00404,view,33
P00930,view,38
P00517,view,57
P00135,view,28
P00857,view,26
P00549,view,35
P00517,add_to_cart,9
P00101,add_to_cart,10
P00994,add_to_cart,8
P00378,add_to_cart,12
P00041,add_to_cart,7
P00869,add_to_cart,13
P00867,add_to_cart,11
P00990,add_to_cart,12
P00951,add_to_cart,14
P00053,add_to_cart,10
P00599,add_to_cart,8
P00164,add_to_cart,11
P00713,add_to_cart,9
P00682,purchase,6
P00882,purchase,4
P00764,purchase,6
P00271,add_to_cart,10
P00471,add_to_cart,7
P00405,add_to_cart,7
P00576,add_to_cart,16
P00173,add_to_cart,8
P00033,add_to_cart,11
P00676,add_to_cart,13
P00212,add_to_cart,13
P00579,add_to_cart,15
P00198,add_to_cart,10
P00042,add_to_cart,8
P00841,purchase,10
P00123,purchase,5
P00295,purchase,5
P00946,purchase,6
P00067,purchase,8
P00284,view,41
P00568,view,40
P00666,view,30
P00432,view,43
P00054,view,37
P00915,view,37
P00004,view,46
P00716,view,38
P00555,view,20
P00058,view,36
P00310,view,20
P00055,view,33
P00049,view,31
P00504,view,44
P00032,view,41
P00601,view,38
P00617,view,29
P00244,view,25
P00394,view,39
P00090,view,40
P00735,view,42
P00821,view,35
P00329,view,28
P00825,view,36
P00602,view,29
P00237,view,41
P00035,view,42
P00820,view,33
P00861,view,30
P00942,add_to_cart,7
P00684,add_to_cart,11
P00590,add_to_cart,17
P00669,add_to_cart,9
P00759,add_to_cart,10
P00934,add_to_cart,10
P00333,add_to_cart,8
P00804,add_to_cart,11
P00723,add_to_cart,10
P00627,add_to_cart,18
P00329,add_to_cart,12
P00039,add_to_cart,14
P00522,add_to_cart,7
P00482,add_to_cart,8
P00553,add_to_cart,7
P00319,add_to_cart,10
P00288,add_to_cart,11
P00368,add_to_cart,9
P00639,purchase,5
P00270,purchase,5
P00537,purchase,9
P00958,purchase,6
P00401,purchase,7
P00283,purchase,6
P00911,purchase,7
P00218,view,39
P00184,view,41
P00423,view,48
P00810,view,41
P00051,view,35
P00647,view,32
P00799,view,31
P00733,view,31
P00112,view,35
P00881,view,36
P00251,view,28
P00571,view,34
P00298,view,37
P00827,view,40
P00530,view,25
P00078,view,28
P00348,view,29
P00620,view,40
P00149,view,42
P00540,view,42
P00717,view,28
P00688,view,43
P00595,view,38
P00528,view,32
P00286,view,46
P00351,view,32
P00521,view,44
P00129,view,29
P00418,view,45
P00744,view,39
P00556,view,37
P00542,view,42
P00880,view,29
P00117,view,31
P00705,view,41
P00593,view,32
P00457,view,34
P00124,view,29
P00389,view,40
P00233,view,31
P00542,add_to_cart,10
P00439,purchase,6
P00320,purchase,4
P00626,purchase,5
P00723,view,29
P00523,view,33
P00190,view,30
P00493,view,29
P00910,view,52
P00760,view,28
P00360,view,27
P00268,view,28
P00311,add_to_cart,13
P00422,add_to_cart,11
P00578,add_to_cart,11
P00979,add_to_cart,10
P00460,add_to_cart,13
P00292,add_to_cart,6
P00800,add_to_cart,11
P00867,view,27
P00141,view,40
P00242,view,48
P00407,view,33
P00936,view,38
P00483,view,33
P00235,view,30
P00879,view,38
P00277,view,39
P00403,view,36
P00589,view,41
P00312,view,31
P00534,view,41
P00577,view,38
P00920,view,25
P00507,add_to_cart,12
P00622,add_to_cart,19
P00561,add_to_cart,5
P00631,purchase,10
P00325,purchase,9
P00462,purchase,4
P00935,purchase,8
P00838,view,45
P00548,view,27
P00433,view,35
P00168,view,41
P00029,view,34
P00928,view,48
P00412,view,47
P00636,view,34
P00199,add_to_cart,12
P00501,add_to_cart,7
P00729,add_to_cart,11
P00961,add_to_cart,10
P00536,add_to_cart,12
P00833,add_to_cart,9
P00117,add_to_cart,4
P00719,add_to_cart,9
P00457,add_to_cart,13
P00552,add_to_cart,10
P00277,add_to_cart,13
P00395,add_to_cart,11
P00347,add_to_cart,9
P00047,view,38
P00749,view,39
P00353,view,25
P00269,view,42
P00561,view,37
P00002,view,41
P00046,view,42
P00886,view,34
P00814,view,50
P00319,view,28
P00122,view,33
P00170,view,37
P00512,view,32
P00106,view,32
P00869,view,42
P00119,view,41
P00520,view,39
P00088,view,35
P00443,view,33
P00359,view,39
P00408,view,43
P00803,view,48
P00390,view,37
P00399,purchase,10
P00407,purchase,6
P00628,purchase,6
P00670,purchase,10
P00283,view,45
P00949,view,43
P00150,view,28
P00574,view,43
P00094,view,36
P00127,view,45
P00622,view,41
P00598,view,39
P00992,view,44
P00123,view,27
P00911,view,39
P00842,view,28
P00392,view,37
P00687,view,42
P00874,view,33
P00431,view,32
P00656,view,35
P00332,view,35
P00134,view,38
P00025,view,41
P00216,view,36
P00894,view,28
P00546,view,36
P00755,view,35
P00067,view,23
P00304,view,31
P00939,view,43
P00380,view,35
P00456,view,41
P00438,view,35
P00340,view,49
P00334,view,31
P00118,view,35
P00661,view,43
P00201,view,31
P00795,view,44
P00811,view,34
P00429,view,41
P00071,view,36
P00844,view,31
P00042,view,28
P00671,view,39
P00665,view,41
P00308,view,43
P00058,add_to_cart,10
P00535,add_to_cart,7
P00273,add_to_cart,12
P00314,add_to_cart,9
P00111,add_to_cart,13
P00181,add_to_cart,5
P00150,add_to_cart,15
P00384,add_to_cart,11
P00450,add_to_cart,7
P00916,add_to_cart,13
P00682,add_to_cart,11
P00490,add_to_cart,6
P00254,add_to_cart,16
P00040,add_to_cart,9
P00187,add_to_cart,6
P00163,add_to_cart,11
P00073,add_to_cart,12
P00895,add_to_cart,9
P00038,add_to_cart,8
P00011,add_to_cart,9
P00179,add_to_cart,17
P00303,add_to_cart,14
P00224,add_to_cart,10
P00722,add_to_cart,5
P00172,add_to_cart,11
P00777,add_to_cart,14
P00462,add_to_cart,13
P00459,add_to_cart,12
P00919,add_to_cart,11
P00860,add_to_cart,12
P00813,add_to_cart,9
P00654,add_to_cart,9
P00761,add_to_cart,7
P00249,add_to_cart,7
P00782,purchase,4
P00328,purchase,3
P00435,purchase,4
P00125,purchase,10
P00198,purchase,8
P00721,purchase,5
P00908,purchase,8
P00034,purchase,7
P00154,purchase,5
P00515,purchase,8
P00989,purchase,12
P00844,purchase,4
P00345,purchase,8
P00822,view,31
P00778,view,32
P00848,view,44
P00989,view,36
P00309,view,26
P00296,view,34
P00993,view,43
P00486,view,43
P00600,view,33
P00099,view,27
P00171,view,30
P00140,view,28
P00226,view,52
P00702,view,33
P00381,view,34
P00983,view,51
P00782,view,31
P00774,view,39
P00765,view,37
P00011,view,30
P00391,view,38
P00083,view,36
P00370,view,28
P00066,view,33
P00973,view,38
P00830,view,31
P00865,view,33
P00467,view,41
P00616,view,33
P00532,view,36
P00863,view,34
P00898,view,31
P00961,view,29
P00499,view,49
P00446,view,39
P00651,view,34
P00923,view,37
P00736,view,47
P00766,view,36
P00028,view,36
P00511,view,33
P00387,view,29
P00587,view,32
P00206,view,35
P00572,view,38
P00018,view,37
P00860,view,40
P00982,view,45
P00487,view,34
P00700,view,41
P00657,view,38
P00203,view,34
P00114,view,36
P00586,view,31
P00177,view,43
P00710,view,34
P00196,view,42
P00253,view,43
P00013,view,38
P00591,add_to_cart,8
P00873,add_to_cart,7
P00992,add_to_cart,6
P00331,add_to_cart,10
P00657,add_to_cart,11
P00125,add_to_cart,13
P00587,add_to_cart,15
P00534,add_to_cart,10
P00025,add_to_cart,13
P00190,add_to_cart,11
P00784,add_to_cart,10
P00438,add_to_cart,11
P00162,add_to_cart,11
P00626,add_to_cart,6
P00691,purchase,4
P00819,purchase,5
P00820,purchase,5
P00649,purchase,7
P00018,purchase,4
P00284,purchase,7
P00788,purchase,6
P00821,add_to_cart,11
P00567,add_to_cart,12
P00066,add_to_cart,14
P00204,add_to_cart,14
P00116,add_to_cart,16
P00514,add_to_cart,7
P00071,add_to_cart,10
P00496,add_to_cart,20
P00980,add_to_cart,11
P00881,add_to_cart,9
P00355,purchase,5
P00656,purchase,5
P00840,purchase,8
P00534,purchase,6
P00745,purchase,8
P00763,view,30
P00689,view,37
P00967,view,48
P00126,view,38
P00315,view,32
P00154,view,25
P00482,view,31
P00829,view,39
P00378,view,26
P00537,view,41
P00191,view,39
P00107,view,39
P00252,view,39
P00942,view,36
P00027,view,32
P00369,view,28
P00009,view,43
P00250,view,36
P00621,view,39
P00449,view,29
P00014,view,26
P00938,view,29
P00059,view,44
P00604,view,31
P00985,view,42
P00901,view,32
P00220,view,42
P00583,view,33
P00518,view,34
P00451,view,36
P00448,view,39
P00157,view,29
P00719,view,30
P00592,purchase,10
P00194,purchase,9
P00110,purchase,6
P00886,purchase,5
P00140,purchase,4
P00900,purchase,9
P00188,purchase,5
P00806,purchase,8
P00557,purchase,5
P00234,purchase,4
P00568,purchase,3
P00547,purchase,3
P00720,purchase,4
P00423,purchase,3
P00045,add_to_cart,11
P00445,add_to_cart,8
P00624,add_to_cart,7
P00944,add_to_cart,17
P00210,add_to_cart,9
P00985,add_to_cart,12
P00160,add_to_cart,11
P00456,add_to_cart,11
P00120,add_to_cart,12
P00630,add_to_cart,13
P00957,add_to_cart,16
P00132,add_to_cart,14
P00343,add_to_cart,10
P00856,add_to_cart,13
P00235,add_to_cart,10
P00186,add_to_cart,9
P00635,add_to_cart,10
P00845,view,26
P00884,view,34
P00091,view,31
P00413,view,42
P00492,view,40
P00767,view,44
P00030,view,34
P00522,view,46
P00721,view,47
P00793,view,40
P00578,view,41
P00559,view,36
P00224,view,43
P00994,view,38
P00075,view,28
P00644,view,32
P00480,view,29
P00897,view,35
P00533,view,23
P00151,view,31
P00581,view,37
P00441,view,31
P00111,view,33
P00100,view,30
P00152,view,39
P00677,view,32
P00236,view,39
P00889,view,36
P00371,view,38
P00943,view,34
P00461,view,40
P00363,view,38
P00442,view,39
P00934,view,32
P00750,view,31
P00775,view,31
P00139,view,43
P00333,view,38
P00685,purchase,4
P00905,add_to_cart,9
P00541,add_to_cart,12
P00099,add_to_cart,5
P00555,add_to_cart,12
P00945,add_to_cart,9
P00929,add_to_cart,14
P00854,add_to_cart,12
P00296,add_to_cart,7
P00082,add_to_cart,9
P00062,add_to_cart,8
P00024,add_to_cart,6
P00055,add_to_cart,16
P00572,add_to_cart,11
P00211,add_to_cart,13
P00085,add_to_cart,5
P00880,add_to_cart,6
P00157,add_to_cart,13
P00842,add_to_cart,14
P00413,add_to_cart,9
P00322,add_to_cart,15
P00557,add_to_cart,9
P00987,view,33
P00816,view,31
P00619,view,34
P00850,view,32
P00178,view,39
P00882,view,40
P00194,view,39
P00667,view,30
P00169,view,28
P00562,view,31
P00084,view,36
P00495,view,33
P00358,view,42
P00097,view,39
P00247,view,27
P00463,view,38
P00357,view,29
P00596,view,39
P00136,view,44
P00258,view,31
P00366,view,35
P00756,view,39
P00567,view,36
P00611,view,32
P00507,view,31
P00093,view,42
P00805,view,34
P00468,view,34
P00960,view,32
P00232,view,34
P00679,view,45
P00599,view,34
P00265,view,34
P00729,view,21
P00372,view,25
P00831,view,41
P00912,view,42
P00132,purchase,4
P00241,purchase,11
P00063,purchase,6
P00825,purchase,6
P00865,purchase,4
P00613,purchase,9
P00014,purchase,8
P00444,purchase,7
P00128,purchase,10
P00796,purchase,4
P00074,purchase,4
P00333,purchase,8
P00115,add_to_cart,8
P00371,add_to_cart,12
P00118,add_to_cart,13
P00943,add_to_cart,9
P00735,add_to_cart,10
P00194,add_to_cart,10
P00284,add_to_cart,10
P00084,add_to_cart,9
P00466,view,32
P00439,view,37
P00074,view,36
P00643,view,43
P00325,view,35
P00108,view,39
P00847,view,30
P00658,view,27
P00856,view,37
P00649,view,21
P00173,view,32
P00576,view,41
P00866,view,38
P00958,view,42
P00152,purchase,6
P00263,purchase,5
P00114,purchase,9
P00324,purchase,5
P00755,purchase,2
P00589,purchase,9
P00447,purchase,4
P00268,purchase,3
P00715,purchase,4
P00250,purchase,6
P00095,purchase,7
P00789,purchase,7
P00712,add_to_cart,13
P00876,add_to_cart,10
P00844,add_to_cart,16
P00468,add_to_cart,9
P00486,add_to_cart,11
P00451,add_to_cart,14
P00892,add_to_cart,9
P00660,add_to_cart,9
P00846,add_to_cart,12
P00718,add_to_cart,12
P00200,add_to_cart,8
P00035,add_to_cart,13
P00889,add_to_cart,13
P00121,add_to_cart,14
P00014,add_to_cart,13
P00991,add_to_cart,16
P00336,add_to_cart,10
P00900,add_to_cart,10
P00034,view,40
P00768,view,43
P00809,view,42
P00614,view,46
P00337,view,34
P00082,view,35
P00500,view,40
P00892,view,42
P00741,view,41
P00642,view,39
P00807,view,27
P00852,view,45
P00695,view,39
P00683,view,32
P00579,view,39
P00282,view,32
P00946,view,20
P00832,view,32
P00509,view,34
P00864,view,28
P00440,view,36
P00995,view,26
P00292,view,36
P00210,view,33
P00684,view,37
P00431,purchase,7
P00396,add_to_cart,7
P00540,add_to_cart,13
P00996,add_to_cart,5
P00999,add_to_cart,12
P00808,add_to_cart,14
P00545,add_to_cart,12
P00893,add_to_cart,12
P00264,view,34
P00875,view,39
P00299,view,35
P00890,view,42
P00748,view,36
P00031,view,24
P00222,view,26
P00459,view,33
P00761,view,29
P00424,view,32
P00935,view,24
P00769,view,46
P00552,view,38
P00751,view,32
P00388,view,40
P00639,view,29
P00592,view,44
P00175,view,41
P00771,view,40
P00828,view,41
P00007,view,48
P00709,purchase,5
P00829,purchase,7
P00255,purchase,4
P00307,purchase,9
P00217,add_to_cart,12
P00903,add_to_cart,19
P00687,add_to_cart,11
P00822,add_to_cart,14
P00829,add_to_cart,7
P00074,add_to_cart,10
P00924,add_to_cart,11
P00221,add_to_cart,9
P00170,add_to_cart,10
P00973,add_to_cart,14
P00046,add_to_cart,11
P00285,add_to_cart,11
P00981,purchase,8
P00706,view,33
P00627,view,29
P00131,view,29
P00245,view,28
P00659,view,39
P00660,view,32
P00558,view,37
P00573,view,37
P00585,view,32
P00159,view,53
P00053,view,36
P00550,add_to_cart,8
P00562,add_to_cart,13
P00499,add_to_cart,10
P00492,add_to_cart,12
P00325,add_to_cart,10
P00077,add_to_cart,4
P00959,add_to_cart,8
P00968,add_to_cart,12
P00389,add_to_cart,14
P00176,purchase,5
P00887,view,37
P00040,view,33
P00125,view,32
P00015,view,33
P00415,view,23
P00086,view,29
P00626,view,40
P00302,view,33
P00526,view,31
P00427,view,30
P00417,view,30
P00714,view,40
P00945,view,26
P00676,view,22
P00470,view,40
P00673,view,31
P00672,view,31
P00096,view,37
P00305,view,29
P00538,view,33
P00287,view,26
P00703,view,39
P00957,view,31
P00384,view,33
P00494,view,48
P00629,view,35
P00241,view,35
P00686,add_to_cart,12
P00733,add_to_cart,8
P00216,add_to_cart,8
P00683,add_to_cart,10
P00532,add_to_cart,12
P00493,add_to_cart,6
P00281,add_to_cart,15
P00191,add_to_cart,12
P00489,add_to_cart,12
P00086,add_to_cart,14
P00023,add_to_cart,10
P00429,add_to_cart,17
P00107,add_to_cart,9
P00175,add_to_cart,9
P00443,add_to_cart,7
P00306,add_to_cart,7
P00147,add_to_cart,15
P00760,purchase,5
P00044,purchase,3
P00126,purchase,4
P00577,purchase,9
P00385,purchase,6
P00224,purchase,11
P00601,purchase,8
P00607,purchase,7
P00654,purchase,6
P00442,purchase,6
P00031,purchase,6
P00291,purchase,4
P00997,purchase,6
P00910,purchase,8
P00773,purchase,6
P00638,purchase,2
P00793,purchase,5
P00509,purchase,8
P00041,view,29
P00704,view,35
P00605,view,33
P00725,view,41
P00950,view,34
P00697,view,27
P00234,view,38
P00787,view,32
P00682,view,41
P00373,view,33
P00904,view,39
P00478,view,30
P00730,view,33
P00640,view,35
P00185,view,37
P00955,view,49
P00350,view,32
P00311,view,34
P00062,view,33
P00788,view,30
P00907,view,34
P00375,view,33
P00775,add_to_cart,7
P00320,add_to_cart,12
P00397,add_to_cart,9
P00385,add_to_cart,10
P00289,add_to_cart,11
P00502,add_to_cart,11
P00012,add_to_cart,13
P00350,add_to_cart,5
P00347,purchase,7
P00406,purchase,6
P00238,view,43
P00953,view,30
P00613,view,42
P00056,view,42
P00554,view,29
P00698,view,41
P00584,view,43
P00345,view,39
P00374,view,27
P00917,view,40
P00628,view,39
P00767,purchase,6
P00056,purchase,4
P00965,purchase,7
P00866,purchase,6
P00042,purchase,6
P00743,purchase,2
P00659,purchase,5
P00969,purchase,4
P00225,add_to_cart,8
P00815,add_to_cart,9
P00070,add_to_cart,10
P00446,add_to_cart,16
P00171,add_to_cart,14
P00213,add_to_cart,12
P00834,add_to_cart,8
P00400,add_to_cart,9
P00434,add_to_cart,5
P00255,add_to_cart,10
P00182,add_to_cart,16
P00156,add_to_cart,6
P00662,add_to_cart,10
P00452,add_to_cart,12
P00802,view,41
P00670,view,43
P00405,view,45
P00709,view,39
P00851,view,28
P00469,view,40
P00625,view,40
P00207,view,33
P00327,view,37
P00773,view,40
P00105,view,33
P00259,view,28
P00888,view,39
P00883,view,34
P00020,view,38
P00909,view,36
P00536,view,38
P00452,view,40
P00738,view,34
P00444,view,45
P00806,view,30
P00073,view,26
P00200,view,33
P00982,add_to_cart,8
P00511,add_to_cart,14
P00601,add_to_cart,10
P00616,add_to_cart,13
P00621,add_to_cart,11
P00248,add_to_cart,15
P00479,add_to_cart,10
P00756,add_to_cart,8
P00868,add_to_cart,10
P00448,add_to_cart,15
P00141,add_to_cart,11
P00335,add_to_cart,11
P00198,view,35
P00701,view,32
P00506,view,36
P00674,view,18
P00618,view,32
P00137,view,38
P00476,view,28
P00638,view,35
P00720,view,28
P00321,view,48
P00426,view,36
P00931,view,31
P00596,purchase,7
P00143,purchase,5
P00602,purchase,4
P00084,purchase,8
P00428,view,26
P00631,view,40
P01000,view,31
P00276,view,33
P00219,view,32
P00248,view,36
P00485,view,36
P00130,view,30
P00502,view,31
P00147,view,25
P00646,view,36
P00228,view,31
P00048,view,34
P00326,view,39
P00853,add_to_cart,12
P00937,add_to_cart,12
P00798,add_to_cart,15
P00127,add_to_cart,12
P00538,add_to_cart,10
P00276,add_to_cart,10
P00145,add_to_cart,5
P00870,purchase,10
P00486,purchase,4
P00183,purchase,8
P00240,view,24
P00692,view,29
P00089,view,27
P00944,purchase,10
P00070,purchase,4
P00094,purchase,6
P00172,purchase,5
P00599,purchase,7
P00038,purchase,4
P00645,add_to_cart,15
P00969,add_to_cart,6
P00275,add_to_cart,6
P00666,add_to_cart,11
P00380,add_to_cart,15
P00338,add_to_cart,9
P00129,add_to_cart,7
P00465,add_to_cart,6
P00786,add_to_cart,5
P00549,add_to_cart,15
P00793,add_to_cart,9
P00076,add_to_cart,8
P00169,add_to_cart,8
P00603,add_to_cart,8
P00102,add_to_cart,14
P00590,purchase,7
P00119,purchase,7
P00040,purchase,4
P00257,view,32
P00789,view,32
P00355,view,39
P00223,view,35
P00212,view,30
P00214,view,43
P00906,view,33
P00858,view,27
P00978,view,35
P00582,view,26
P00006,view,38
P00275,view,36
P00918,view,40
P00317,view,34
P00297,view,37
P00116,view,30
P00273,view,36
P00990,view,36
P00401,view,32
P00715,view,38
P00289,view,39
P00864,purchase,10
P00150,purchase,6
P00634,purchase,4
P00970,purchase,5
P00050,purchase,6
P00575,view,34
P00166,view,30
P00434,view,44
P00115,view,49
P00186,view,36
P00079,view,27
P00974,view,39
P00859,view,29
P00524,view,37
P00835,view,32
P00597,view,30
P00365,add_to_cart,11
P00855,add_to_cart,12
P00836,add_to_cart,10
P00615,add_to_cart,14
P00685,add_to_cart,16
P00402,add_to_cart,10
P00176,add_to_cart,11
P00559,add_to_cart,12
P00149,add_to_cart,20
P00631,add_to_cart,8
P00583,add_to_cart,17
P00782,add_to_cart,13
P00063,add_to_cart,13
P00301,add_to_cart,9
P00940,add_to_cart,13
P00280,add_to_cart,17
P00764,add_to_cart,7
P00309,add_to_cart,18
P00628,add_to_cart,9
P00577,add_to_cart,17
P00600,add_to_cart,12
P00820,add_to_cart,11
P00554,add_to_cart,13
P00954,add_to_cart,14
P00797,add_to_cart,7
P00896,add_to_cart,10
P00774,add_to_cart,13
P00872,add_to_cart,7
P00226,purchase,4
P00575,purchase,4
P00193,purchase,5
P00440,purchase,7
P00470,purchase,1
P00391,purchase,9
P00049,purchase,7
P00792,purchase,5
P00278,purchase,7
P00525,purchase,3
P00731,view,40
P00900,view,32
P00650,view,24
P00102,view,31
P00758,view,45
P00033,view,36
P00077,view,28
P00899,view,39
P00977,view,48
P00740,view,31
P00376,view,35
P00743,view,30
P00878,view,25
P00005,view,20
P00081,view,45
P00545,view,33
P00988,view,34
P00927,view,39
P00133,view,33
P00550,view,37
P00870,add_to_cart,14
P00511,purchase,4
P00678,purchase,4
P00948,purchase,3
P00112,add_to_cart,5
P00575,add_to_cart,16
P00713,view,51
P00043,view,33
P00569,view,32
P00551,view,35
P00937,view,40
P00183,view,41
P00016,view,34
P00479,view,35
P00860,purchase,7
P00358,purchase,4
P00483,purchase,6
P00694,purchase,1
P00925,purchase,6
P00383,purchase,5
P00801,purchase,4
P00826,purchase,4
P00726,purchase,5
P00730,add_to_cart,5
P00526,add_to_cart,10
P00625,add_to_cart,10
P00871,add_to_cart,9
P00136,add_to_cart,13
P00472,add_to_cart,6
P00974,add_to_cart,13
P00819,add_to_cart,8
P00518,add_to_cart,4
P00721,add_to_cart,10
P00640,add_to_cart,7
P00135,add_to_cart,9
P00105,add_to_cart,11
P00052,add_to_cart,8
P00677,add_to_cart,8
P00245,add_to_cart,11
P00640,purchase,2
P00450,view,40
P00263,view,28
P00209,view,33
P00488,view,33
P00980,view,25
P00229,view,34
P00607,view,35
P00211,view,40
P00964,view,37
P00786,view,29
P00837,view,29
P00176,view,41
P00001,view,36
P00804,view,38
P00400,view,50
P00962,view,39
P00754,view,35
P00826,view,32
P00652,view,35
P00922,view,25
P00916,view,29
P00814,purchase,11
P00058,purchase,4
P00033,purchase,8
P00181,purchase,6
P00804,purchase,4
P00802,purchase,3
P00696,purchase,2
P00794,view,35
P00045,view,33
P00364,view,50
P00969,view,39
P00300,view,26
P00098,view,37
P00377,view,26
P00854,view,32
P00815,view,35
P00941,view,30
P00354,view,36
P00702,add_to_cart,13
P00814,add_to_cart,10
P00494,add_to_cart,12
P00780,add_to_cart,11
P00093,add_to_cart,7
P00226,add_to_cart,9
P00374,add_to_cart,10
P00330,add_to_cart,11
P00857,add_to_cart,10
P00120,view,39
P00160,view,30
P00497,view,33
P00877,add_to_cart,12
P00409,add_to_cart,8
P00560,add_to_cart,9
P00094,add_to_cart,11
P00006,add_to_cart,6
P00874,add_to_cart,8
P00412,add_to_cart,10
P00976,add_to_cart,15
P00139,add_to_cart,11
P00512,add_to_cart,9
P00810,add_to_cart,15
P00595,add_to_cart,10
P00327,add_to_cart,13
P00932,view,35
P00294,view,39
P00155,view,36
P00158,view,36
P00515,view,36
P00414,view,30
P00076,view,32
P00855,view,34
P00077,purchase,6
P00028,purchase,6
P00227,purchase,3
P00893,purchase,9
P00115,purchase,5
P00472,purchase,4
P01000,purchase,8
P00395,purchase,7
P00776,purchase,5
P00773,add_to_cart,6
P00656,add_to_cart,8
P00967,add_to_cart,9
P00679,add_to_cart,10
P00114,add_to_cart,7
P00758,add_to_cart,9
P00644,add_to_cart,7
P00241,add_to_cart,8
P00188,add_to_cart,11
P00606,add_to_cart,8
P00924,view,30
P00050,view,27
P00801,view,31
P00654,view,32
P00603,view,37
P00215,view,33
P00110,view,29
P00873,view,23
P00965,view,30
P00069,view,31
P00966,view,32
P00422,purchase,5
P00146,purchase,8
P00236,purchase,4
P00975,purchase,4
P00212,purchase,4
P00334,purchase,4
P00214,purchase,5
P00244,purchase,8
P00408,add_to_cart,10
P00754,add_to_cart,7
P00268,add_to_cart,12
P00725,add_to_cart,16
P00749,add_to_cart,13
P00678,add_to_cart,8
P00781,add_to_cart,9
P00428,add_to_cart,12
P00663,add_to_cart,12
P00339,add_to_cart,12
P00203,add_to_cart,5
P00469,add_to_cart,5
P00083,add_to_cart,15
P00989,add_to_cart,14
P00805,add_to_cart,9
P00964,add_to_cart,14
P00812,view,35
P00612,view,37
P00409,view,29
P00808,view,30
P00541,view,37
P00472,view,27
P00893,view,27
P00121,purchase,5
P00623,view,31
P00513,view,32
P00396,view,38
P00614,add_to_cart,12
P00585,add_to_cart,12
P00470,add_to_cart,9
P00250,add_to_cart,9
P00728,add_to_cart,11
P00260,add_to_cart,13
P00057,add_to_cart,8
P00696,add_to_cart,11
P00159,add_to_cart,11
P00958,add_to_cart,8
P00918,add_to_cart,11
P00902,add_to_cart,9
P00546,add_to_cart,10
P00548,add_to_cart,11
P00222,add_to_cart,9
P00003,add_to_cart,5
P00792,add_to_cart,9
P00641,add_to_cart,16
P00220,add_to_cart,4
P00183,add_to_cart,10
P00227,view,44
P00491,view,37
P00026,view,38
P00010,view,29
P00525,view,21
P00833,purchase,6
P00701,purchase,12
P00746,purchase,5
P00994,purchase,6
P00929,purchase,4
P00185,purchase,4
P00762,purchase,5
P00940,purchase,6
P00699,purchase,3
P00010,purchase,3
P00542,purchase,6
P00139,purchase,6
P00455,view,28
P00181,view,30
P00516,view,36
P00501,view,37
P00297,add_to_cart,9
P00938,add_to_cart,11
P00726,add_to_cart,15
P00887,add_to_cart,8
P00592,add_to_cart,14
P00495,add_to_cart,14
P00444,add_to_cart,9
P00859,add_to_cart,6
P00080,add_to_cart,7
P00744,add_to_cart,6
P00421,add_to_cart,12
P00388,add_to_cart,8
P00873,purchase,9
P00723,purchase,8
P00837,purchase,4
P00134,purchase,8
P00154,add_to_cart,10
P00897,add_to_cart,14
P00228,add_to_cart,9
P00510,add_to_cart,12
P00436,add_to_cart,12
P00478,add_to_cart,7
P00394,add_to_cart,10
P00144,add_to_cart,7
P00907,add_to_cart,12
P00915,add_to_cart,7
P00946,add_to_cart,14
P00345,add_to_cart,10
P00843,add_to_cart,10
P00933,add_to_cart,9
P00508,view,37
P00395,view,26
P00167,view,33
P00205,view,26
P00254,view,29
P00339,view,41
P00330,view,33
P00565,view,25
P00846,view,32
P00668,view,46
P00696,view,40
P00954,view,41
P00552,purchase,14
P00311,purchase,10
P00055,purchase,4
P00410,purchase,4
P00609,purchase,3
P00322,purchase,8
P00240,purchase,4
P00265,purchase,7
P00080,purchase,8
P00624,purchase,5
P00197,purchase,5
P00608,purchase,6
P00718,purchase,5
P00976,purchase,5
P00745,add_to_cart,10
P00674,add_to_cart,12
P00620,add_to_cart,13
P00282,add_to_cart,10
P00421,view,32
P00349,view,34
P00113,view,41
P00324,view,34
P00225,view,25
P00833,view,44
P00925,view,20
P00012,view,41
P00559,purchase,7
P00446,purchase,2
P00630,purchase,4
P00777,purchase,4
P00364,purchase,6
P00797,purchase,5
P00386,purchase,10
P00680,add_to_cart,7
P00031,add_to_cart,8
P00865,add_to_cart,9
P00827,add_to_cart,6
P00207,add_to_cart,17
P00525,add_to_cart,13
P00772,add_to_cart,10
P00065,add_to_cart,11
P00508,add_to_cart,9
P00710,add_to_cart,15
P00310,add_to_cart,6
P00503,add_to_cart,5
P00717,add_to_cart,5
P00765,add_to_cart,6
P00281,view,34
P00301,view,38
P00905,view,34
P00662,view,36
P00171,purchase,6
P00805,purchase,10
P00679,purchase,4
P00663,purchase,6
P00027,purchase,4
P00951,purchase,6
P00681,purchase,9
P00172,view,32
P00328,view,32
P00148,view,30
P00415,add_to_cart,11
P00878,add_to_cart,11
P00401,add_to_cart,11
P00050,add_to_cart,13
P00390,add_to_cart,9
P00648,add_to_cart,9
P01000,add_to_cart,12
P00755,add_to_cart,16
P00185,add_to_cart,12
P00621,purchase,4
P00489,purchase,3
P00920,purchase,5
P00275,purchase,5
P00553,purchase,5
P00367,purchase,9
P00904,purchase,11
P00529,purchase,12
P00305,add_to_cart,12
P00890,add_to_cart,8
P00602,add_to_cart,15
P00128,add_to_cart,11
P00709,add_to_cart,13
P00442,add_to_cart,8
P00386,add_to_cart,9
P00703,add_to_cart,7
P00037,add_to_cart,15
P00921,add_to_cart,11
P00914,add_to_cart,9
P00396,purchase,3
P00600,purchase,6
P00724,purchase,2
P00751,purchase,8
P00583,purchase,5
P00229,purchase,4
P00249,purchase,3
P00736,purchase,7
P00861,purchase,4
P00665,purchase,4
P00953,purchase,5
P00418,purchase,6
P00357,purchase,3
P00503,purchase,7
P00264,add_to_cart,9
P00927,add_to_cart,15
P00342,add_to_cart,12
P00367,add_to_cart,11
P00806,add_to_cart,9
P00488,add_to_cart,11
P00612,add_to_cart,17
P00002,add_to_cart,10
P00947,view,24
P00712,view,29
P00514,view,28
P00952,view,34
P00346,view,34
P00490,view,38
P00544,view,40
P00919,view,39
P00663,view,32
P00963,view,30
P00161,view,43
P00567,purchase,5
P00801,add_to_cart,11
P00238,add_to_cart,6
P00724,view,41
P00174,view,28
P00968,view,45
P00707,view,38
P00069,add_to_cart,7
P00253,add_to_cart,13
P00618,add_to_cart,7
P00926,add_to_cart,13
P00439,add_to_cart,10
P00022,add_to_cart,10
P00207,purchase,4
P00811,purchase,8
P00086,purchase,5
P00827,purchase,2
P00770,view,32
P00722,view,37
P00399,view,24
P00080,view,31
P00609,view,34
P00385,view,34
P00547,view,40
P00137,add_to_cart,13
P00812,add_to_cart,14
P00971,add_to_cart,8
P00770,add_to_cart,11
P00473,add_to_cart,13
P00286,add_to_cart,15
P00324,add_to_cart,6
P00458,view,35
P00065,view,32
P00998,view,41
P00144,purchase,3
P00256,purchase,4
P00204,purchase,7
P00897,purchase,11
P00769,purchase,6
P00917,purchase,3
P00225,purchase,7
P00025,purchase,10
P00698,add_to_cart,12
P00318,add_to_cart,9
P00785,add_to_cart,8
P00387,add_to_cart,5
P00981,add_to_cart,9
P00932,add_to_cart,15
P00787,add_to_cart,7
P00063,view,32
P00164,view,36
P00356,view,34
P00217,purchase,3
P00817,purchase,5
P00296,purchase,3
P00869,purchase,7
P00261,purchase,4
P00669,purchase,8
P00371,purchase,6
P00798,purchase,5
P00868,purchase,7
P00952,purchase,5
P00408,purchase,3
P00569,purchase,5
P00327,purchase,2
P00828,add_to_cart,11
P00544,add_to_cart,8
P00005,add_to_cart,10
P00043,add_to_cart,11
P00783,add_to_cart,9
P00103,add_to_cart,10
P00247,add_to_cart,13
P00355,add_to_cart,9
P00594,add_to_cart,5
P00690,add_to_cart,11
P00671,add_to_cart,14
P00067,add_to_cart,14
P00359,add_to_cart,10
P00420,view,25
P00681,view,29
P00362,view,25
P00840,view,32
P00849,view,31
P00913,view,23
P00779,view,40
P00037,view,42
P00447,add_to_cart,11
P00952,add_to_cart,11
P00633,add_to_cart,8
P00694,add_to_cart,9
P00802,add_to_cart,15
P00013,add_to_cart,8
P00556,add_to_cart,11
P00270,view,33
P00948,view,31
P00430,view,25
P00894,purchase,3
P00479,purchase,9
P00266,purchase,4
P00374,purchase,4
P00494,purchase,9
P00657,purchase,7
P00252,purchase,7
P00463,purchase,2
P00846,purchase,8
P00124,purchase,4
P00392,purchase,9
P00301,purchase,5
P00809,add_to_cart,8
P00049,add_to_cart,7
P00257,add_to_cart,10
P00195,add_to_cart,11
P00379,view,33
P00095,view,37
P00303,view,29
P00024,view,28
P00414,add_to_cart,16
P00596,add_to_cart,12
P00655,add_to_cart,7
P00028,add_to_cart,6
P00219,add_to_cart,9
P00504,add_to_cart,10
P00348,add_to_cart,9
P00270,add_to_cart,16
P00864,add_to_cart,7
P00977,add_to_cart,8
P00098,add_to_cart,10
P00681,add_to_cart,9
P00658,add_to_cart,12
P00886,add_to_cart,12
P00258,add_to_cart,9
P00563,purchase,4
P00195,purchase,6
P00620,purchase,5
P00810,purchase,5
P00167,purchase,5
P00216,purchase,5
P00876,purchase,10
P00162,purchase,6
P00340,purchase,5
P00341,purchase,7
P00404,purchase,6
P00317,purchase,4
P00057,view,27
P00986,view,36
P00753,view,33
P00565,purchase,4
P00531,purchase,3
P00651,purchase,6
P00064,purchase,4
P00646,purchase,5
P00508,purchase,1
P00518,purchase,5
P00890,purchase,4
P00133,add_to_cart,13
P00487,add_to_cart,11
P00811,add_to_cart,5
P00315,add_to_cart,10
P00161,add_to_cart,7
P00642,add_to_cart,9
P00766,add_to_cart,10
P00017,add_to_cart,17
P00700,add_to_cart,12
P00205,add_to_cart,10
P00739,view,38
P00836,view,29
P00498,view,34
P00610,view,26
P00871,view,32
P00736,add_to_cart,10
P00505,add_to_cart,10
P00771,add_to_cart,12
P00597,add_to_cart,11
P00360,add_to_cart,7
P00529,add_to_cart,12
P00699,add_to_cart,10
P00448,purchase,6
P00017,purchase,2
P00502,purchase,6
P00215,purchase,6
P00541,purchase,5
P00348,purchase,8
P00286,purchase,5
P00734,view,32
P00531,add_to_cart,5
P00130,add_to_cart,10
P00901,add_to_cart,7
P00877,view,36
P00079,purchase,9
P00221,purchase,8
P00913,purchase,4
P00035,purchase,7
P00871,purchase,5
P00269,purchase,6
P00026,purchase,4
P00328,add_to_cart,11
P00266,add_to_cart,9
P00605,add_to_cart,10
P00956,add_to_cart,9
P00044,add_to_cart,7
P00193,add_to_cart,10
P00727,view,36
P00978,add_to_cart,9
P00752,add_to_cart,5
P00610,add_to_cart,11
P00763,add_to_cart,9
P00092,add_to_cart,3
P00863,add_to_cart,9
P00521,add_to_cart,12
P00906,add_to_cart,8
P00350,purchase,8
P00947,purchase,5
P00753,purchase,7
P00330,purchase,5
P00582,purchase,3
P00959,view,39
P00800,view,36
P00422,view,28
P00127,purchase,4
P00111,purchase,5
P00293,add_to_cart,12
P00742,add_to_cart,10
P00496,purchase,4
P00453,purchase,8
P00739,purchase,5
P00190,purchase,3
P00394,purchase,4
P00387,purchase,7
P00564,add_to_cart,13
P00424,add_to_cart,13
P00629,add_to_cart,7
P00740,add_to_cart,12
P00817,add_to_cart,12
P00167,add_to_cart,13
P00832,add_to_cart,16
P00646,add_to_cart,9
P00841,add_to_cart,10
P00529,view,30
P00316,view,27
P00872,view,27
P00505,view,29
P00744,purchase,4
P00481,purchase,8
P00521,purchase,9
P00166,add_to_cart,6
P00352,add_to_cart,8
P00435,add_to_cart,9
P00240,add_to_cart,9
P00584,add_to_cart,5
P00955,add_to_cart,5
P00673,add_to_cart,11
P00419,add_to_cart,12
P00423,add_to_cart,11
P00274,add_to_cart,10
P00652,add_to_cart,14
P00477,add_to_cart,11
P00921,purchase,5
P00539,purchase,7
P00306,purchase,7
P00914,purchase,5
P00526,purchase,7
P00378,purchase,6
P00853,purchase,2
P00785,view,32
P00153,view,31
P00419,view,25
P00406,view,36
P00843,purchase,13
P00314,purchase,5
P00936,purchase,7
P00731,purchase,6
P00384,purchase,3
P00048,purchase,6
P00791,purchase,7
P00576,purchase,3
P00281,purchase,4
P00949,purchase,6
P00556,purchase,7
P00072,purchase,6
P00668,purchase,4
P00973,purchase,5
P00832,purchase,4
P00622,purchase,5
P00734,purchase,5
P00625,purchase,8
P00752,purchase,6
P00105,purchase,8
P00822,purchase,9
P00635,purchase,3
P00999,view,24
P00510,view,28
P00933,view,23
P00571,purchase,4
P00930,add_to_cart,6
P00481,add_to_cart,8
P00565,add_to_cart,15
P00831,add_to_cart,10
P00113,add_to_cart,6
P00574,add_to_cart,12
P00379,add_to_cart,9
P00138,add_to_cart,10
P00743,add_to_cart,12
P00705,add_to_cart,7
P00739,add_to_cart,7
P00632,add_to_cart,9
P00192,add_to_cart,11
P00349,add_to_cart,16
P00377,add_to_cart,5
P00691,add_to_cart,9
P00724,add_to_cart,8
P00741,add_to_cart,7
P00393,add_to_cart,7
P00326,add_to_cart,12
P00019,add_to_cart,11
P00020,add_to_cart,9
P00068,add_to_cart,10
P00563,add_to_cart,14
P00243,add_to_cart,15
P00988,add_to_cart,12
P00742,purchase,9
P00409,purchase,5
P00211,purchase,3
P00929,view,31
P00930,purchase,4
P00147,purchase,2
P00984,purchase,7
P00536,purchase,7
P00428,purchase,5
P00769,add_to_cart,4
P00061,add_to_cart,11
P00375,add_to_cart,10
P00244,add_to_cart,16
P00737,view,24
P00770,purchase,6
P00346,purchase,6
P00242,purchase,3
P00950,purchase,6
P00908,add_to_cart,12
P00816,add_to_cart,12
P00291,add_to_cart,5
P00704,add_to_cart,8
P00912,add_to_cart,7
P00274,purchase,6
P00895,purchase,6
P00337,add_to_cart,10
P00009,add_to_cart,5
P00795,add_to_cart,8
P00146,add_to_cart,9
P00246,add_to_cart,5
P00106,add_to_cart,7
P00491,add_to_cart,7
P00570,add_to_cart,9
P00231,add_to_cart,8
P00078,add_to_cart,8
P00506,add_to_cart,7
P00762,add_to_cart,11
P00004,add_to_cart,11
P00259,add_to_cart,15
P00304,purchase,5
P00129,purchase,6
P00087,purchase,3
P00737,purchase,6
P00998,purchase,10
P00257,purchase,3
P00738,purchase,3
P00587,purchase,7
P00610,purchase,6
P00464,purchase,7
P00863,purchase,4
P00254,purchase,5
P00278,add_to_cart,14
P00383,add_to_cart,7
P00475,add_to_cart,5
P00904,add_to_cart,15
P00124,add_to_cart,11
P00716,add_to_cart,12
P00707,add_to_cart,11
P00711,view,31
P00273,purchase,7
P00290,add_to_cart,10
P00164,purchase,6
P00697,purchase,5
P00538,purchase,8
P00039,purchase,4
P00857,purchase,6
P00961,purchase,2
P00022,purchase,6
P00218,add_to_cart,5
P00613,add_to_cart,12
P00553,view,37
P00735,purchase,6
P00512,purchase,4
P00497,add_to_cart,21
P00899,add_to_cart,6
P00830,add_to_cart,14
P00824,add_to_cart,12
P00312,add_to_cart,6
P00416,add_to_cart,7
P00939,add_to_cart,14
P00970,view,31
P00655,purchase,4
P00828,purchase,1
P00019,purchase,8
P00454,purchase,4
P00931,add_to_cart,13
P00500,add_to_cart,12
P00174,add_to_cart,8
P00196,add_to_cart,11
P00420,purchase,7
P00818,purchase,3
P00011,purchase,4
P00540,purchase,4
P00672,add_to_cart,11
P00299,add_to_cart,11
P00223,add_to_cart,9
P00483,add_to_cart,7
P00845,purchase,3
P00775,purchase,4
P00189,purchase,10
P00020,purchase,5
P00297,purchase,4
P00091,purchase,8
P00693,purchase,6
P00710,purchase,5
P00078,purchase,5
P00262,purchase,6
P00069,purchase,3
P00879,purchase,6
P00376,add_to_cart,11
P00767,add_to_cart,12
P00279,add_to_cart,9
P00757,add_to_cart,10
P00239,add_to_cart,10
P00354,add_to_cart,11
P00189,add_to_cart,16
P00791,view,37
P00272,view,36
P00204,view,30
P00406,add_to_cart,8
P00052,purchase,6
P00892,purchase,7
P00205,purchase,8
P00522,purchase,5
P00267,purchase,7
P00109,add_to_cart,9
P00143,add_to_cart,8
P00623,add_to_cart,11
P00701,add_to_cart,9
P00751,add_to_cart,14
P00357,add_to_cart,14
P00504,purchase,4
P00714,purchase,11
P00455,purchase,11
P00771,purchase,7
P00262,add_to_cart,11
P00081,add_to_cart,10
P00925,add_to_cart,11
P00197,add_to_cart,8
P00295,add_to_cart,14
P00277,purchase,3
P00059,add_to_cart,11
P00134,add_to_cart,7
P00232,purchase,6
P00331,purchase,3
P00768,purchase,8
P00228,purchase,8
P00749,purchase,4
P00990,purchase,6
P00208,purchase,8
P00120,purchase,2
P00903,purchase,6
P00191,purchase,5
P00298,add_to_cart,9
P00936,add_to_cart,9
P00639,add_to_cart,4
P00825,add_to_cart,8
P00737,add_to_cart,8
P00861,add_to_cart,14
P00163,purchase,2
P00379,purchase,5
P00653,purchase,6
P00415,purchase,8
P00097,purchase,2
P00780,purchase,2
P00360,purchase,6
P00433,purchase,4
P00352,view,23
P00779,add_to_cart,7
P00425,add_to_cart,16
P00261,add_to_cart,12
P00480,add_to_cart,8
P00818,add_to_cart,11
P00963,add_to_cart,9
P00466,purchase,8
P00988,purchase,3
P00927,purchase,9
P00100,purchase,6
P00705,purchase,6
P00984,view,37
P00799,purchase,3
P00047,purchase,7
P00707,purchase,5
P00393,purchase,6
P00178,add_to_cart,11
P00872,purchase,6
P00659,add_to_cart,8
P00941,add_to_cart,11
P00760,add_to_cart,8
P00119,add_to_cart,14
P00467,add_to_cart,11
P00122,add_to_cart,10
P00734,add_to_cart,10
P00149,purchase,5
P00372,purchase,7
P00337,purchase,4
P00959,purchase,6
P00588,purchase,5
P00766,purchase,5
P00163,view,23
P00617,add_to_cart,8
P00738,add_to_cart,12
P00382,add_to_cart,10
P00883,add_to_cart,7
P00523,purchase,1
P00862,purchase,4
P00537,add_to_cart,9
P00403,add_to_cart,5
P00431,add_to_cart,2
P00151,add_to_cart,12
P00675,add_to_cart,5
P00858,add_to_cart,5
P00168,add_to_cart,10
P00924,purchase,3
P00438,purchase,7
P00641,purchase,6
P00419,purchase,5
P00075,purchase,3
P00450,purchase,3
P00426,purchase,5
P00430,purchase,2
P00153,add_to_cart,3
P00056,add_to_cart,10
P00096,add_to_cart,11
P00046,purchase,4
P00695,add_to_cart,7
P00234,add_to_cart,8
P00547,add_to_cart,11
P00986,add_to_cart,13
P00016,add_to_cart,10
P00381,add_to_cart,8
P00366,add_to_cart,7
P00001,purchase,5
P00916,purchase,5
P00366,purchase,5
P00456,purchase,3
P00196,purchase,11
P00200,purchase,4
P00291,view,34
P00400,purchase,5
P00648,purchase,4
P00607,add_to_cart,6
P00568,add_to_cart,9
P00018,add_to_cart,10
P00520,add_to_cart,11
P00214,add_to_cart,14
P00619,add_to_cart,7
P00021,add_to_cart,5
P00527,add_to_cart,8
P00609,add_to_cart,10
P00044,view,22
P00964,purchase,4
P00153,purchase,3
P00982,purchase,8
P00957,purchase,4
P00158,purchase,6
P00644,purchase,5
P00851,add_to_cart,5
P00110,add_to_cart,12
P00692,add_to_cart,11
P00032,add_to_cart,9
P00901,purchase,4
P00466,add_to_cart,12
P00029,add_to_cart,9
P00571,add_to_cart,8
P00835,purchase,3
P00922,purchase,5
P00180,add_to_cart,11
P00611,add_to_cart,7
P00463,add_to_cart,8
P00202,add_to_cart,8
P00885,add_to_cart,13
P00037,purchase,3
P00842,purchase,5
P00321,purchase,9
P00885,purchase,5
P00606,purchase,3
P00533,purchase,6
P00071,purchase,5
P00992,purchase,9
P00060,purchase,4
P00597,purchase,6
P00558,purchase,7
P00991,purchase,2
P00956,purchase,6
P00584,purchase,7
P00131,add_to_cart,14
P00688,add_to_cart,9
P00485,add_to_cart,8
P00142,add_to_cart,9
P00966,add_to_cart,8
P00746,add_to_cart,8
P00895,view,30
P00173,purchase,3
P00498,add_to_cart,12
P00523,add_to_cart,10
P00888,add_to_cart,14
P00505,purchase,4
P00808,purchase,5
P00713,purchase,6
P00623,purchase,4
P00826,add_to_cart,11
P00750,add_to_cart,12
P00363,add_to_cart,13
P00996,purchase,5
P00550,purchase,3
P00578,purchase,5
P00664,add_to_cart,11
P00638,add_to_cart,8
P00036,add_to_cart,6
P00634,add_to_cart,10
P00126,add_to_cart,9
P00972,purchase,6
P00402,purchase,5
P00887,purchase,7
P00589,add_to_cart,13
P00316,add_to_cart,11
P00407,add_to_cart,8
P00007,add_to_cart,9
P00972,add_to_cart,8
P00007,purchase,6
P00260,purchase,8
P00248,purchase,2
P00468,purchase,7
P00242,add_to_cart,12
P00604,add_to_cart,16
P00089,add_to_cart,8
P00519,add_to_cart,2
P00418,add_to_cart,3
P00815,purchase,6
P00238,purchase,6
P00933,purchase,6
P00157,purchase,5
P00987,purchase,4
P00594,purchase,4
P00363,purchase,2
P00573,purchase,6
P00108,purchase,4
P00816,purchase,4
P00574,purchase,2
P00891,add_to_cart,8
P00332,add_to_cart,8
P00323,add_to_cart,13
P00087,add_to_cart,13
P00449,add_to_cart,10
P00392,add_to_cart,11
P00729,purchase,2
P00174,purchase,8
P00298,purchase,4
P00358,add_to_cart,5
P00665,add_to_cart,9
P00267,add_to_cart,6
P00581,purchase,3
P00821,purchase,5
P00836,purchase,9
P00411,purchase,4
P00354,purchase,5
P00389,purchase,3
P00318,purchase,3
P00459,purchase,3
P00166,purchase,3
P00168,purchase,3
P00807,add_to_cart,5
P00983,add_to_cart,10
P00598,add_to_cart,6
P00947,add_to_cart,9
P00920,add_to_cart,7
P00651,add_to_cart,10
P00935,add_to_cart,12
P00135,purchase,6
P00875,purchase,3
P00155,purchase,6
P00858,purchase,4
P00786,purchase,9
P00399,add_to_cart,5
P00148,add_to_cart,6
P00010,add_to_cart,11
P00572,purchase,5
P00184,add_to_cart,10
P00848,add_to_cart,8
P00515,add_to_cart,14
P00317,add_to_cart,6
P00334,add_to_cart,8
P00088,add_to_cart,8
P00783,purchase,3
P00513,purchase,4
P00595,purchase,4
P00839,purchase,6
P00645,purchase,6
P00530,add_to_cart,9
P00064,view,32
P00377,purchase,6
P00637,add_to_cart,6
P00949,add_to_cart,10
P00369,add_to_cart,9
P00336,purchase,7
P00716,purchase,3
P00231,purchase,4
P00653,add_to_cart,6
P00672,purchase,5
P00165,add_to_cart,8
P00953,add_to_cart,4
P00693,add_to_cart,10
P00714,add_to_cart,9
P00667,purchase,3
P00813,purchase,10
P00803,add_to_cart,10
P00997,add_to_cart,9
P00661,add_to_cart,9
P00788,add_to_cart,9
P00543,add_to_cart,9
P00647,add_to_cart,8
P00256,add_to_cart,17
P00006,purchase,6
P00413,purchase,5
P00643,purchase,4
P00954,purchase,3
P00312,purchase,5
P00016,purchase,5
P00912,purchase,6
P00687,purchase,4
P00543,purchase,9
P00974,purchase,6
P00884,purchase,4
P00643,add_to_cart,14
P00030,add_to_cart,6
P00692,purchase,3
P00652,purchase,5
P00461,purchase,4
P00962,purchase,6
P00616,purchase,5
P00410,add_to_cart,5
P00047,add_to_cart,8
P00427,add_to_cart,4
P00909,add_to_cart,11
P00711,purchase,3
P00824,purchase,5
P00424,purchase,8
P00289,purchase,5
P00122,purchase,8
P00619,purchase,4
P00096,purchase,9
P00675,purchase,4
P00433,add_to_cart,10
P00001,add_to_cart,9
P00104,add_to_cart,5
P00938,purchase,6
P00403,purchase,5
P00698,purchase,5
P00251,add_to_cart,6
P00034,add_to_cart,9
P00227,add_to_cart,12
P00862,add_to_cart,12
P00265,add_to_cart,6
P00398,add_to_cart,6
P00495,purchase,5
P00851,purchase,6
P00839,add_to_cart,5
P00432,add_to_cart,9
P00391,add_to_cart,9
P00923,add_to_cart,10
P00942,purchase,4
P00471,purchase,3
P00585,purchase,8
P00457,purchase,5
P00351,purchase,3
P00271,purchase,4
P00304,add_to_cart,11
P00075,add_to_cart,5
P00362,add_to_cart,5
P00835,add_to_cart,7
P00823,add_to_cart,8
P00308,add_to_cart,6
P00795,purchase,2
P00434,purchase,6
P00733,purchase,8
P00159,purchase,6
P00203,purchase,6
P00093,purchase,4
P00381,purchase,3
P00102,purchase,5
P00116,purchase,7
P00307,add_to_cart,11
P00662,purchase,5
P00180,purchase,3
P00199,purchase,3
P00528,add_to_cart,12
P00790,add_to_cart,8
P00099,purchase,8
P00803,purchase,3
P00090,purchase,4
P00155,add_to_cart,10
P00340,add_to_cart,17
P00469,purchase,5
P00315,purchase,4
P00831,purchase,5
P00636,purchase,5
P00108,add_to_cart,10
P00373,add_to_cart,8
P00364,add_to_cart,8
P00513,add_to_cart,2
P00473,purchase,8
P00184,purchase,3
P00907,purchase,7
P00210,purchase,3
P00287,add_to_cart,8
P00287,purchase,4
P00891,purchase,6
P00476,purchase,5
P00179,purchase,8
P00230,purchase,10
P00356,purchase,6
P00878,purchase,5
P00092,purchase,3
P00353,purchase,3
P00370,add_to_cart,3
P00209,add_to_cart,12
P00454,add_to_cart,8
P00492,purchase,5
P00728,purchase,8
P00104,purchase,9
P00359,purchase,7
P00544,purchase,4
P00528,purchase,4
P00765,purchase,3
P00482,purchase,3
P00564,purchase,3
P00237,add_to_cart,5
P00313,add_to_cart,7
P00453,add_to_cart,10
P00252,add_to_cart,12
P00586,add_to_cart,8
P00778,add_to_cart,6
P00152,add_to_cart,9
P00848,purchase,5
P00043,purchase,4
P00488,purchase,3
P00984,add_to_cart,8
P00467,purchase,5
P00397,purchase,3
P00546,purchase,5
P00898,purchase,6
P00779,purchase,5
P00593,purchase,7
P00618,purchase,4
P00349,purchase,7
P00928,purchase,5
P00980,purchase,3
P00727,purchase,4
P00461,add_to_cart,8
P00158,add_to_cart,10
P00720,add_to_cart,6
P00850,add_to_cart,6
P00725,purchase,5
P00524,purchase,5
P00344,add_to_cart,13
P00351,add_to_cart,14
P00464,add_to_cart,10
P00617,purchase,3
P00073,purchase,5
P00233,purchase,5
P00866,add_to_cart,11
P00753,add_to_cart,12
P00879,add_to_cart,9
P00838,add_to_cart,9
P00300,add_to_cart,8
P00650,add_to_cart,4
P00484,purchase,6
P00253,purchase,4
P00962,add_to_cart,7
P00420,add_to_cart,7
P00131,purchase,3
P00220,purchase,7
P00695,purchase,12
P00321,add_to_cart,7
P00580,add_to_cart,13
P00206,purchase,4
P00967,purchase,6
P00660,purchase,8
P00465,purchase,7
P00881,purchase,4
P00629,purchase,6
P00485,purchase,4
P00580,purchase,4
P00668,add_to_cart,7
P00346,add_to_cart,12
P00032,purchase,4
P00812,purchase,1
P00414,purchase,4
P00566,purchase,4
P00370,purchase,6
P00412,purchase,2
P00545,purchase,4
P00123,add_to_cart,4
P00426,add_to_cart,8
P00206,add_to_cart,7
P00015,add_to_cart,11
P00581,add_to_cart,5
P00852,add_to_cart,11
P00794,purchase,5
P00065,purchase,5
P00730,purchase,6
P00027,add_to_cart,8
P00898,add_to_cart,8
P00882,add_to_cart,12
P00987,add_to_cart,6
P00440,add_to_cart,7
P00054,add_to_cart,7
P00894,add_to_cart,5
P00432,purchase,4
P00177,purchase,4
P00417,purchase,2
P00849,add_to_cart,8
P00091,add_to_cart,6
P00475,purchase,3
P00978,purchase,11
P00113,purchase,2
P00708,add_to_cart,12
P00405,purchase,2
P00633,purchase,6
P00089,purchase,4
P00715,add_to_cart,10
P00299,purchase,5
P00937,purchase,8
P00658,purchase,4
P00117,purchase,4
P00004,purchase,3
P00732,add_to_cart,8
P00667,add_to_cart,8
P00880,purchase,8
P00130,purchase,3
P00237,purchase,5
P00170,purchase,2
P00449,purchase,5
P00368,purchase,3
P00293,purchase,4
P00430,add_to_cart,11
P00294,add_to_cart,13
P00928,add_to_cart,4
P00649,add_to_cart,9
P00051,add_to_cart,4
P00965,add_to_cart,8
P00361,add_to_cart,9
P00611,purchase,5
P00361,purchase,4
P00931,purchase,4
P00501,purchase,3
P00838,purchase,5
P00101,purchase,4
P00476,add_to_cart,7
P00605,purchase,4
P00106,purchase,7
P00569,add_to_cart,8
P00570,purchase,1
P00932,purchase,7
P00002,purchase,6
P00005,purchase,6
P00722,purchase,5
P00960,purchase,3
P00136,purchase,5
P00376,purchase,3
P00516,add_to_cart,7
P00807,purchase,5
P00145,purchase,1
P00740,purchase,3
P00533,add_to_cart,6
P00593,add_to_cart,8
P00263,add_to_cart,12
P00480,purchase,3
P00761,purchase,3
P00041,purchase,6
P00375,purchase,5
P00768,add_to_cart,8
P00791,add_to_cart,14
P00847,add_to_cart,13
P00009,purchase,6
P00647,purchase,3
P00923,purchase,4
P00140,add_to_cart,10
P00941,purchase,4
P00302,purchase,8
P00272,add_to_cart,6
P00441,add_to_cart,13
P00520,purchase,2
P00884,add_to_cart,6
P00201,add_to_cart,3
P00586,purchase,3
P00530,purchase,4
P00066,purchase,2
P00441,purchase,5
P00239,purchase,3
P00478,purchase,3
P00369,purchase,3
P00759,purchase,2
P00060,add_to_cart,7
P00717,purchase,4
P00673,purchase,4
P00059,purchase,4
P00945,purchase,9
P00023,purchase,3
P00213,purchase,4
P00642,purchase,3
P00458,add_to_cart,9
P00939,purchase,8
P00142,purchase,3
P00926,purchase,2
P00279,purchase,5
P00690,purchase,5
P00758,purchase,4
P00141,purchase,2
P00353,add_to_cart,9
P00787,purchase,3
P00316,purchase,4
P00852,purchase,6
P00664,purchase,3
P00344,purchase,2
P00747,purchase,5
P00215,add_to_cart,7
P00966,purchase,3
P00750,purchase,2
P00186,purchase,3
P00491,purchase,3
P00506,purchase,4
P00500,purchase,3
P00796,add_to_cart,7
P00560,purchase,1
P00850,purchase,2
P00008,purchase,3
P00756,purchase,4
P00784,purchase,4
P00548,purchase,4
P00029,purchase,10
P00867,purchase,2
P00527,purchase,2
P00137,purchase,5
P00474,purchase,3
P00201,purchase,3
P00918,purchase,9
P00236,add_to_cart,8
P00986,purchase,3
P00160,purchase,6
P00356,add_to_cart,10
P00230,add_to_cart,10
P00748,purchase,7
P00076,purchase,3
P00889,purchase,4
P00741,purchase,5
P00790,purchase,6
P00054,purchase,2
P00732,purchase,3
P00109,purchase,4
P00603,purchase,3
P00977,purchase,4
P00045,purchase,4
P00998,add_to_cart,4
P00416,purchase,3
P00834,purchase,4
P00906,purchase,4
P00425,purchase,5
P00671,purchase,6
P00778,purchase,2
P00539,add_to_cart,10
P00731,add_to_cart,12
P00068,purchase,6
P00057,purchase,5
P00051,purchase,3
P00963,purchase,3
P00712,purchase,3
P00303,purchase,3
P00192,purchase,2
P00772,purchase,1
P00151,purchase,7
P00551,purchase,5
P00909,purchase,2
P00968,purchase,3
P00943,purchase,2
P00985,purchase,6
P00510,purchase,7
P00551,add_to_cart,4
P00794,add_to_cart,7
P00276,purchase,4
P00915,purchase,5
P00919,purchase,8
P00484,add_to_cart,5
P00474,add_to_cart,6
P00661,purchase,8
P00566,add_to_cart,7
P00082,purchase,4
P00421,purchase,5
P00417,add_to_cart,11
P00591,purchase,5
P00458,purchase,2
P00899,purchase,3
P00235,purchase,7
P00555,purchase,4
P00118,purchase,3
P00847,purchase,3
P00218,purchase,4
P00294,purchase,4
P00689,purchase,4
P00362,purchase,4
P00246,purchase,7
P00837,add_to_cart,6
P00983,purchase,2
P00133,purchase,5
P00219,purchase,2
P00632,purchase,5
P00830,purchase,3
P00436,purchase,5
P00637,purchase,3
P00030,purchase,2
P00269,add_to_cart,5
P00902,purchase,4
P00451,purchase,4
P00993,purchase,4
P00781,purchase,4
P00704,purchase,2
P00264,purchase,3
P00098,purchase,5
P00445,purchase,3
P00288,purchase,3
P00245,purchase,3
P00222,purchase,9
P00934,purchase,2
P00688,purchase,5
P00338,purchase,4
P00509,add_to_cart,8
P00874,purchase,4
P00763,purchase,2
P00598,purchase,4
P00549,purchase,5
P00247,purchase,7
P00800,purchase,4
P00026,add_to_cart,6
P00856,purchase,6
P00429,purchase,4
P00754,purchase,3
P00562,purchase,4
P00138,purchase,3
P00319,purchase,5
P00161,purchase,6
P00896,purchase,2
P00855,purchase,3
P00516,purchase,3
P00332,purchase,3
P00390,purchase,2
P00680,purchase,1
P00809,purchase,2
P00335,purchase,4
P00955,purchase,2
P00229,add_to_cart,8
P00062,purchase,2
P00223,purchase,3
P00048,add_to_cart,2
P00708,purchase,3
P00507,purchase,3
P00280,purchase,2
P00683,purchase,2
P00258,purchase,2
P00182,purchase,1
P00579,purchase,2
P00388,purchase,6
P00554,purchase,3
P00290,purchase,5
P00021,purchase,5
P00398,purchase,1
P00329,purchase,1
P00854,purchase,2
P00015,purchase,2
P00612,purchase,2
P00493,purchase,2
P00285,purchase,2
P00343,purchase,2
P00024,purchase,3
P00774,purchase,1
P00233,add_to_cart,4
P00339,purchase,1
P00282,purchase,7
P00309,purchase,2
P00313,purchase,2
P00251,purchase,3
P00382,purchase,4
P00081,purchase,4
P00036,purchase,2
P00498,purchase,6
P00085,purchase,1
P00437,purchase,4
P00175,purchase,4
P00614,purchase,6
P00490,purchase,4
P00373,purchase,2
P00165,purchase,3
P00604,purchase,3
P00535,purchase,2
P00202,purchase,3
P00310,purchase,6
P00719,purchase,3
P00083,purchase,4
P00243,purchase,2
P00686,purchase,5
P00326,purchase,3
P00883,purchase,4
P00702,purchase,1
P00300,purchase,2
P00859,purchase,2
P00757,purchase,1
P00053,purchase,1
P00187,purchase,2
P00443,purchase,2
P00877,purchase,2
P00305,purchase,3
P00888,purchase,1
P00169,purchase,2
P00666,purchase,2
P00427,purchase,1
P00352,purchase,1
P00012,purchase,1
P00342,purchase,2
P00999,purchase,1
P00209,purchase,1
